{"cameraMode":{"drawMode":0,"name":"Shaded","section":"Shading Mode"},"sceneLighting":true,"audioPlay":false,"sceneViewState":{"showFog":true,"showMaterialUpdate":false,"showSkybox":true,"showFlares":true,"showImageEffects":true,"showParticleSystems":true},"in2DMode":false,"pivot":{"x":898.111083984375,"y":-74.4828872680664,"z":1041.404052734375},"rotation":{"x":-0.016995644196867944,"y":-0.40660417079925539,"z":0.007579268421977758,"w":-0.9134336113929749},"size":1882.62060546875,"orthographic":false}