{"cameraMode":{"drawMode":0,"name":"Shaded","section":"Shading Mode"},"sceneLighting":true,"audioPlay":false,"sceneViewState":{"showFog":true,"showMaterialUpdate":false,"showSkybox":true,"showFlares":true,"showImageEffects":true,"showParticleSystems":true},"in2DMode":false,"pivot":{"x":-74.24439239501953,"y":55.11064529418945,"z":-431.0935974121094},"rotation":{"x":-0.028095461428165437,"y":-0.0883522555232048,"z":0.0024939700961112978,"w":-0.9956926107406616},"size":10.0,"orthographic":false}