{"cameraMode":{"drawMode":0,"name":"Shaded","section":"Shading Mode"},"sceneLighting":true,"audioPlay":false,"sceneViewState":{"showFog":true,"showMaterialUpdate":false,"showSkybox":true,"showFlares":true,"showImageEffects":true,"showParticleSystems":true},"in2DMode":false,"pivot":{"x":-29.513273239135743,"y":-44.44982147216797,"z":69.33963775634766},"rotation":{"x":0.23830260336399079,"y":-0.001140747801400721,"z":0.00025863625342026353,"w":0.9712227582931519},"size":120.31287384033203,"orthographic":false}