{"cameraMode":{"drawMode":0,"name":"Shaded","section":"Shading Mode"},"sceneLighting":true,"audioPlay":false,"sceneViewState":{"showFog":true,"showMaterialUpdate":false,"showSkybox":true,"showFlares":true,"showImageEffects":true,"showParticleSystems":true},"in2DMode":false,"pivot":{"x":179.3246612548828,"y":85.27651977539063,"z":-240.34246826171876},"rotation":{"x":-0.06821627914905548,"y":0.1140485480427742,"z":-0.007782198954373598,"w":-0.9911425709724426},"size":58.01266860961914,"orthographic":false}