{"cameraMode":{"drawMode":0,"name":"Shaded","section":"Shading Mode"},"sceneLighting":true,"audioPlay":false,"sceneViewState":{"showFog":true,"showMaterialUpdate":false,"showSkybox":true,"showFlares":true,"showImageEffects":true,"showParticleSystems":true},"in2DMode":false,"pivot":{"x":-78.31055450439453,"y":42.840545654296878,"z":-202.41908264160157},"rotation":{"x":0.02195855975151062,"y":-0.3122802972793579,"z":0.00719986530020833,"w":0.9497411251068115},"size":120.31287384033203,"orthographic":false}